id,name,model_id:id,group_id:id,perm_read,perm_write,perm_create,perm_unlink
access_account_account_salesman,account_account salesman,account.model_account_account,group_user_sales_viewer,1,0,0,0
access_account_analytic_account_salesman,account_analytic_account salesman,analytic.model_account_analytic_account,group_user_sales_viewer,1,0,0,0
access_account_account_tag_sale_salesman,account.account.tag.sale.salesman,account.model_account_account_tag,group_user_sales_viewer,1,0,0,0
access_account_invoice_send_salesman,access.account.invoice.send.salesman,account.model_account_invoice_send,group_user_sales_viewer,1,0,0,0
access_sale_account_journal,account.journal sale order.user,account.model_account_journal,group_user_sales_viewer,1,0,0,0
access_account_move_salesman,account_move salesman,account.model_account_move,group_user_sales_viewer,1,0,0,0
access_account_move_line_salesman,account_move_line salesman,account.model_account_move_line,group_user_sales_viewer,1,0,0,0
access_account_partial_reconcile_salesman,account_partial_reconcile salesman,account.model_account_partial_reconcile,group_user_sales_viewer,1,0,0,0
access_account_payment_term_salesman,account_payment_term salesman,account.model_account_payment_term,group_user_sales_viewer,1,0,0,0
access_account_tax_user,account.tax.user,account.model_account_tax,group_user_sales_viewer,1,0,0,0
access_account_tax_group_sale_manager,account.tax.group sale manager,account.model_account_tax_group,group_user_sales_viewer,1,0,0,0
access_res_partner_sale_user,res.partner.sale.user,base.model_res_partner,group_user_sales_viewer,1,0,0,0
access_product_pricelist_sale_user,product.pricelist.sale.user,product.model_product_pricelist,group_user_sales_viewer,1,0,0,0
access_product_product_attribute_custom_value_sale_user,product.attribute.custom value salesman,product.model_product_attribute_custom_value,group_user_sales_viewer,1,0,0,0
access_product_supplierinfo_user,product.supplierinfo.user,product.model_product_supplierinfo,group_user_sales_viewer,1,0,0,0
access_product_product_sale_user,product.product sale use,product.model_product_product,group_user_sales_viewer,1,0,0,0
access_product_template_sale_user,product.template sale use,product.model_product_template,group_user_sales_viewer,1,0,0,0
access_uom_uom_user,uom.uom.user,uom.model_uom_uom,group_user_sales_viewer,1,0,0,0
access_sale_order,sale.order,sale.model_sale_order,group_user_sales_viewer,1,0,0,0
access_sale_order_line,sale.order.line,sale.model_sale_order_line,group_user_sales_viewer,1,0,0,0
access_sale_report_salesman,sale.report,sale.model_sale_report,group_user_sales_viewer,1,0,0,0
access_payment_link_wizard_sale,access.payment.link.wizard.sale,payment.model_payment_link_wizard,group_user_sales_viewer,1,0,0,0
access_sale_advance_payment_inv,access.sale.advance.payment.inv,sale.model_sale_advance_payment_inv,group_user_sales_viewer,1,0,0,0
access_sale_order_cancel,access.sale.order.cancel,sale.model_sale_order_cancel,group_user_sales_viewer,1,0,0,0
access_crm_team_user,crm.team.user,sales_team.model_crm_team,group_user_sales_viewer,1,0,0,0
access_crm_tag_salesman,crm_tag salesman,sales_team.model_crm_tag,group_user_sales_viewer,1,0,0,0

access_sale_order_template,sale.order.template,sale_management.model_sale_order_template,group_user_sales_viewer,1,0,0,0
access_sale_order_template_line,sale.order.template.line,sale_management.model_sale_order_template_line,group_user_sales_viewer,1,0,0,0
access_sale_order_template_option,sale.order.template.option,sale_management.model_sale_order_template_option,group_user_sales_viewer,1,0,0,0
access_sale_order_option,sale.order.option,sale_management.model_sale_order_option,group_user_sales_viewer,1,0,0,0


access_crm_lead,crm.lead,crm.model_crm_lead,group_user_sales_viewer,1,0,0,0
access_res_partner,res.partner.crm.user,base.model_res_partner,group_user_sales_viewer,1,0,0,0
access_res_partner_category,res.partner.category.crm.user,base.model_res_partner_category,group_user_sales_viewer,1,0,0,0
access_crm_lost_reason_salesman,crm.lost.reason.salesman,crm.model_crm_lost_reason,group_user_sales_viewer,1,0,0,0
access_calendar_event,calendar.event,calendar.model_calendar_event,group_user_sales_viewer,1,0,0,0
access_calendar_event_type_sale_salesman,calendar.event.type.salesman,calendar.model_calendar_event_type,group_user_sales_viewer,1,0,0,0
access_crm_lead_scoring_frequency,access_crm_lead_scoring_frequency,crm.model_crm_lead_scoring_frequency,group_user_sales_viewer,1,0,0,0
access_crm_lead_scoring_frequency_field,access_crm_lead_scoring_frequency_field,crm.model_crm_lead_scoring_frequency_field,group_user_sales_viewer,1,0,0,0
access_crm_lead_lost,access.crm.lead.lost,crm.model_crm_lead_lost,group_user_sales_viewer,1,0,0,0
access_crm_lead2opportunity_partner,access.crm.lead2opportunity.partner,crm.model_crm_lead2opportunity_partner,group_user_sales_viewer,1,0,0,0
access_crm_lead2opportunity_partner_mass,access.crm.lead2opportunity.partner.mass,crm.model_crm_lead2opportunity_partner_mass,group_user_sales_viewer,1,0,0,0
access_crm_merge_opportunity,access.crm.merge.opportunity,crm.model_crm_merge_opportunity,group_user_sales_viewer,1,0,0,0
crm_recurring_plan_access_salesman,crm.recurring.plan.access.salesman,crm.model_crm_recurring_plan,group_user_sales_viewer,1,0,0,0