id,name,model_id:id,group_id:id,perm_read,perm_write,perm_create,perm_unlink
access_stock_picking_user,stock.picking user,stock.model_stock_picking,group_user_inventory_reports,1,0,0,0
access_stock_picking_type_user,stock.picking.type user,stock.model_stock_picking_type,group_user_inventory_reports,1,0,0,0
access_stock_lot_user,stock.lot user,stock.model_stock_lot,group_user_inventory_reports,1,0,0,0
access_stock_move_user,stock.move user,stock.model_stock_move,group_user_inventory_reports,1,0,0,0
access_product_product_stock_user,product_product_stock_user,product.model_product_product,group_user_inventory_reports,1,0,0,0
access_product_template_stock_user,product.template stock user,product.model_product_template,group_user_inventory_reports,1,0,0,0
access_stock_warehouse_orderpoint,stock.warehouse.orderpoint,stock.model_stock_warehouse_orderpoint,group_user_inventory_reports,1,0,0,0
access_stock_quant_user,stock.quant user,stock.model_stock_quant,group_user_inventory_reports,1,0,0,0
access_stock_quant_package_stock_user,stock.quant.package stock user,stock.model_stock_quant_package,group_user_inventory_reports,1,0,0,0
access_stock_package_level_stock_user,stock.package_level stock user,stock.model_stock_package_level,group_user_inventory_reports,1,0,0,0
access_stock_rule_user,stock_rule user,stock.model_stock_rule,group_user_inventory_reports,1,0,0,0
access_stock_move_line_user,stock.move.line user,stock.model_stock_move_line,group_user_inventory_reports,1,0,0,0
access_barcode_nomenclature_stock_user,barcode.nomenclature.stock.user,barcodes.model_barcode_nomenclature,group_user_inventory_reports,1,0,0,0
access_barcode_rule_stock_user,barcode.rule.stock.user,barcodes.model_barcode_rule,group_user_inventory_reports,1,0,0,0
access_stock_scrap_user,stock.scrap.user,stock.model_stock_scrap,group_user_inventory_reports,1,0,0,0
access_stock_traceability_report,access.stock.traceability.report,stock.model_stock_traceability_report,group_user_inventory_reports,1,0,0,0
access_stock_assign_serial,access.stock.assign.serial,stock.model_stock_assign_serial,group_user_inventory_reports,1,0,0,0
access_stock_return_picking_line,access.stock.return.picking.line,stock.model_stock_return_picking_line,group_user_inventory_reports,1,0,0,0
access_stock_return_picking,access.stock.return.picking,stock.model_stock_return_picking,group_user_inventory_reports,1,0,0,0
access_stock_change_product_qty,access.stock.change.product.qty,stock.model_stock_change_product_qty,group_user_inventory_reports,1,0,0,0
access_stock_scheduler_compute,access.stock.scheduler.compute,stock.model_stock_scheduler_compute,group_user_inventory_reports,1,0,0,0
access_stock_immediate_transfer_line,access.stock.immediate.transfer.line,stock.model_stock_immediate_transfer_line,group_user_inventory_reports,1,0,0,0
access_stock_immediate_transfer,access.stock.immediate.transfer,stock.model_stock_immediate_transfer,group_user_inventory_reports,1,0,0,0
access_stock_backorder_confirmation_line,access.stock.backorder.confirmation.line,stock.model_stock_backorder_confirmation_line,group_user_inventory_reports,1,0,0,0
access_stock_backorder_confirmation,access.stock.backorder.confirmation,stock.model_stock_backorder_confirmation,group_user_inventory_reports,1,0,0,0
access_stock_quantity_history,access.stock.quantity.history,stock.model_stock_quantity_history,group_user_inventory_reports,1,0,0,0
access_stock_rules_report,access.stock.rules.report,stock.model_stock_rules_report,group_user_inventory_reports,1,0,0,0
access_stock_warn_insufficient_qty_scrap,access.stock.warn.insufficient.qty.scrap,stock.model_stock_warn_insufficient_qty_scrap,group_user_inventory_reports,1,0,0,0
access_product_replenish,access.product.replenish,stock.model_product_replenish,group_user_inventory_reports,1,0,0,0
access_stock_track_confirmation,access.stock.track.confirmation,stock.model_stock_track_confirmation,group_user_inventory_reports,1,0,0,0
access_stock_track_line,access.stock.track.line,stock.model_stock_track_line,group_user_inventory_reports,1,0,0,0
access_stock_package_destination,access.stock.package.destination,stock.model_stock_package_destination,group_user_inventory_reports,1,0,0,0
access_stock_orderpoint_snooze,access_stock_orderpoint_snooze,stock.model_stock_orderpoint_snooze,group_user_inventory_reports,1,0,0,0
access_stock_package_type_user,access_stock_package_type_user,stock.model_stock_package_type,group_user_inventory_reports,1,0,0,0
access_stock_picking_label_type_user,picking.label.type.user,stock.model_picking_label_type,group_user_inventory_reports,1,0,0,0
access_stock_lot_label_layout_user,lot.label.layout.user,stock.model_lot_label_layout,group_user_inventory_reports,1,0,0,0
access_stock_replenish_option,stock.replenishment.option,stock.model_stock_replenishment_option,group_user_inventory_reports,1,0,0,0
access_delivery_carrier_stock_user,delivery.carrier stock_user,delivery.model_delivery_carrier,group_user_inventory_reports,1,0,0,0
access_choose_delivery_package,access.choose.delivery.package,delivery.model_choose_delivery_package,group_user_inventory_reports,1,0,0,0
access_choose_delivery_carrier,access.choose.delivery.carrier,delivery.model_choose_delivery_carrier,group_user_inventory_reports,1,0,0,0
access_mrp_production_stock_worker,mrp.production stock_worker,mrp.model_mrp_production,group_user_inventory_reports,1,0,0,0
access_mrp_bom_stockuser,mrp.bom,mrp.model_mrp_bom,group_user_inventory_reports,1,0,0,0
access_mrp_bom_line_stockuser,mrp.bom.line,mrp.model_mrp_bom_line,group_user_inventory_reports,1,0,0,0
access_purchase_order_stock_worker,purchase.order,purchase_stock.model_purchase_order,group_user_inventory_reports,1,0,0,0
access_purchase_order_line_stock_worker,purchase.order.line,purchase_stock.model_purchase_order_line,group_user_inventory_reports,1,0,0,0
access_sale_order_stock_worker,sale.order stock worker,sale_stock.model_sale_order,group_user_inventory_reports,1,0,0,0
access_sale_order_line_stock_worker,sale.order.line stock worker,sale_stock.model_sale_order_line,group_user_inventory_reports,1,0,0,0
"access_stock_barcode_cancel_operation","access.stock_barcode.cancel.operation","stock_barcode.model_stock_barcode_cancel_operation","group_user_inventory_reports",1,0,0,0
access_stock_picking_batch,stock.picking.batch stock users,stock_picking_batch.model_stock_picking_batch,group_user_inventory_reports,1,0,0,0
access_stock_picking_to_batch,access.stock.picking.to.batch,stock_picking_batch.model_stock_picking_to_batch,group_user_inventory_reports,1,0,0,0
access_stock_add_to_wave,access.stock.picking.to.wave,stock_picking_batch.model_stock_add_to_wave,group_user_inventory_reports,1,0,0,0
access_confirm_stock_sms,access.confirm.stock.sms,stock_sms.model_confirm_stock_sms,group_user_inventory_reports,1,0,0,0
access_stock_picking_user,stock.picking user,stock.model_stock_picking,group_user_inventory_viewer,1,0,0,0
access_stock_picking_type_user,stock.picking.type user,stock.model_stock_picking_type,group_user_inventory_viewer,1,0,0,0
access_stock_lot_user,stock.lot user,stock.model_stock_lot,group_user_inventory_viewer,1,0,0,0
access_stock_move_user,stock.move user,stock.model_stock_move,group_user_inventory_viewer,1,0,0,0
access_product_product_stock_user,product_product_stock_user,product.model_product_product,group_user_inventory_viewer,1,0,0,0
access_product_template_stock_user,product.template stock user,product.model_product_template,group_user_inventory_viewer,1,0,0,0
access_stock_warehouse_orderpoint,stock.warehouse.orderpoint,stock.model_stock_warehouse_orderpoint,group_user_inventory_viewer,1,0,0,0
access_stock_quant_user,stock.quant user,stock.model_stock_quant,group_user_inventory_viewer,1,0,0,0
access_stock_quant_package_stock_user,stock.quant.package stock user,stock.model_stock_quant_package,group_user_inventory_viewer,1,0,0,0
access_stock_package_level_stock_user,stock.package_level stock user,stock.model_stock_package_level,group_user_inventory_viewer,1,0,0,0
access_stock_rule_user,stock_rule user,stock.model_stock_rule,group_user_inventory_viewer,1,0,0,0
access_stock_move_line_user,stock.move.line user,stock.model_stock_move_line,group_user_inventory_viewer,1,0,0,0
access_barcode_nomenclature_stock_user,barcode.nomenclature.stock.user,barcodes.model_barcode_nomenclature,group_user_inventory_viewer,1,0,0,0
access_barcode_rule_stock_user,barcode.rule.stock.user,barcodes.model_barcode_rule,group_user_inventory_viewer,1,0,0,0
access_stock_scrap_user,stock.scrap.user,stock.model_stock_scrap,group_user_inventory_viewer,1,0,0,0
access_stock_traceability_report,access.stock.traceability.report,stock.model_stock_traceability_report,group_user_inventory_viewer,1,0,0,0
access_stock_assign_serial,access.stock.assign.serial,stock.model_stock_assign_serial,group_user_inventory_viewer,1,0,0,0
access_stock_return_picking_line,access.stock.return.picking.line,stock.model_stock_return_picking_line,group_user_inventory_viewer,1,0,0,0
access_stock_return_picking,access.stock.return.picking,stock.model_stock_return_picking,group_user_inventory_viewer,1,0,0,0
access_stock_change_product_qty,access.stock.change.product.qty,stock.model_stock_change_product_qty,group_user_inventory_viewer,1,0,0,0
access_stock_scheduler_compute,access.stock.scheduler.compute,stock.model_stock_scheduler_compute,group_user_inventory_viewer,1,0,0,0
access_stock_immediate_transfer_line,access.stock.immediate.transfer.line,stock.model_stock_immediate_transfer_line,group_user_inventory_viewer,1,0,0,0
access_stock_immediate_transfer,access.stock.immediate.transfer,stock.model_stock_immediate_transfer,group_user_inventory_viewer,1,0,0,0
access_stock_backorder_confirmation_line,access.stock.backorder.confirmation.line,stock.model_stock_backorder_confirmation_line,group_user_inventory_viewer,1,0,0,0
access_stock_backorder_confirmation,access.stock.backorder.confirmation,stock.model_stock_backorder_confirmation,group_user_inventory_viewer,1,0,0,0
access_stock_quantity_history,access.stock.quantity.history,stock.model_stock_quantity_history,group_user_inventory_viewer,1,0,0,0
access_stock_rules_report,access.stock.rules.report,stock.model_stock_rules_report,group_user_inventory_viewer,1,0,0,0
access_stock_warn_insufficient_qty_scrap,access.stock.warn.insufficient.qty.scrap,stock.model_stock_warn_insufficient_qty_scrap,group_user_inventory_viewer,1,0,0,0
access_product_replenish,access.product.replenish,stock.model_product_replenish,group_user_inventory_viewer,1,0,0,0
access_stock_track_confirmation,access.stock.track.confirmation,stock.model_stock_track_confirmation,group_user_inventory_viewer,1,0,0,0
access_stock_track_line,access.stock.track.line,stock.model_stock_track_line,group_user_inventory_viewer,1,0,0,0
access_stock_package_destination,access.stock.package.destination,stock.model_stock_package_destination,group_user_inventory_viewer,1,0,0,0
access_stock_orderpoint_snooze,access_stock_orderpoint_snooze,stock.model_stock_orderpoint_snooze,group_user_inventory_viewer,1,0,0,0
access_stock_package_type_user,access_stock_package_type_user,stock.model_stock_package_type,group_user_inventory_viewer,1,0,0,0
access_stock_picking_label_type_user,picking.label.type.user,stock.model_picking_label_type,group_user_inventory_viewer,1,0,0,0
access_stock_lot_label_layout_user,lot.label.layout.user,stock.model_lot_label_layout,group_user_inventory_viewer,1,0,0,0
access_stock_replenish_option,stock.replenishment.option,stock.model_stock_replenishment_option,group_user_inventory_viewer,1,0,0,0
access_delivery_carrier_stock_user,delivery.carrier stock_user,delivery.model_delivery_carrier,group_user_inventory_viewer,1,0,0,0
access_choose_delivery_package,access.choose.delivery.package,delivery.model_choose_delivery_package,group_user_inventory_viewer,1,0,0,0
access_choose_delivery_carrier,access.choose.delivery.carrier,delivery.model_choose_delivery_carrier,group_user_inventory_viewer,1,0,0,0
access_mrp_production_stock_worker,mrp.production stock_worker,mrp.model_mrp_production,group_user_inventory_viewer,1,0,0,0
access_mrp_bom_stockuser,mrp.bom,mrp.model_mrp_bom,group_user_inventory_viewer,1,0,0,0
access_mrp_bom_line_stockuser,mrp.bom.line,mrp.model_mrp_bom_line,group_user_inventory_viewer,1,0,0,0
access_purchase_order_stock_worker,purchase.order,purchase_stock.model_purchase_order,group_user_inventory_viewer,1,0,0,0
access_purchase_order_line_stock_worker,purchase.order.line,purchase_stock.model_purchase_order_line,group_user_inventory_viewer,1,0,0,0
access_sale_order_stock_worker,sale.order stock worker,sale_stock.model_sale_order,group_user_inventory_viewer,1,0,0,0
access_sale_order_line_stock_worker,sale.order.line stock worker,sale_stock.model_sale_order_line,group_user_inventory_viewer,1,0,0,0
"access_stock_barcode_cancel_operation","access.stock_barcode.cancel.operation","stock_barcode.model_stock_barcode_cancel_operation","group_user_inventory_viewer",1,0,0,0
access_stock_picking_batch,stock.picking.batch stock users,stock_picking_batch.model_stock_picking_batch,group_user_inventory_viewer,1,0,0,0
access_stock_picking_to_batch,access.stock.picking.to.batch,stock_picking_batch.model_stock_picking_to_batch,group_user_inventory_viewer,1,0,0,0
access_stock_add_to_wave,access.stock.picking.to.wave,stock_picking_batch.model_stock_add_to_wave,group_user_inventory_viewer,1,0,0,0
access_confirm_stock_sms,access.confirm.stock.sms,stock_sms.model_confirm_stock_sms,group_user_inventory_viewer,1,0,0,0

access_purchase_requisition_stock_manager,purchase.requisition,purchase_requisition.model_purchase_requisition,group_user_inventory_almacen,1,0,1,0
access_purchase_requisition_line_stock_manager,purchase.requisition.line,purchase_requisition.model_purchase_requisition_line,group_user_inventory_almacen,1,0,1,0
access_stock_warehouse_orderpoint,stock.warehouse.orderpoint,stock.model_stock_warehouse_orderpoint,group_user_inventory_almacen,1,1,1,1

access_stock_inventory_adjustment_name,stock.inventory.adjustment.name,stock.model_stock_inventory_adjustment_name,group_user_inventory_auditoria,1,1,1,1