<?xml version="1.0" encoding="utf-8"?>
<odoo>
<data noupdate="0">

    <record id="group_user_inventory_reports" model="res.groups">
        <field name="name">User Reports2</field>
        <field name="category_id" ref="base.module_category_inventory_inventory"/>
        <field name="implied_ids" eval="[(4, ref('base.group_user'))]"/>
    </record>

    <record id="group_user_inventory_viewer" model="res.groups">
        <field name="name">User Viewer</field>
        <field name="category_id" ref="base.module_category_inventory_inventory"/>
        <field name="implied_ids" eval="[(4, ref('base.group_user'))]"/>
    </record>

    <record id="group_user_inventory_almacen" model="res.groups">
        <field name="name">Almacen</field>
        <field name="category_id" ref="base.module_category_inventory_inventory"/>
        <field name="implied_ids" eval="[(4, ref('base.group_user'))]"/>
    </record>

    <record id="group_user_inventory_auditoria" model="res.groups">
        <field name="name">Auditoria</field>
        <field name="category_id" ref="base.module_category_inventory_inventory"/>
        <field name="implied_ids" eval="[(4, ref('base.group_user'))]"/>
    </record>

    <record id="group_user_inventory_embarque" model="res.groups">
        <field name="name">Embarque</field>
        <field name="category_id" ref="base.module_category_inventory_inventory"/>
        <field name="implied_ids" eval="[(4, ref('base.group_user'))]"/>
    </record>

    <record id="group_user_inventory_produccion" model="res.groups">
        <field name="name">Produccion</field>
        <field name="category_id" ref="base.module_category_inventory_inventory"/>
        <field name="implied_ids" eval="[(4, ref('base.group_user'))]"/>
    </record>

</data>
</odoo>