id,name,model_id:id,group_id:id,perm_read,perm_write,perm_create,perm_unlink
access_mrp_workcenter_productivity_loss,mrp.workcenter.productivity.loss,mrp.model_mrp_workcenter_productivity_loss,group_user_mrp_viewer,1,0,0,0
access_mrp_workcenter_productivity_loss_type,mrp.workcenter.productivity.loss.type,mrp.model_mrp_workcenter_productivity_loss_type,group_user_mrp_viewer,1,0,0,0
access_mrp_workcenter_productivity,mrp.workcenter.productivity,mrp.model_mrp_workcenter_productivity,group_user_mrp_viewer,1,0,0,0
access_mrp_workcenter,mrp.workcenter,mrp.model_mrp_workcenter,group_user_mrp_viewer,1,0,0,0
access_mrp_routing_workcenter,mrp.routing.workcenter,mrp.model_mrp_routing_workcenter,group_user_mrp_viewer,1,0,0,0
access_mrp_bom,mrp.bom,mrp.model_mrp_bom,group_user_mrp_viewer,1,0,0,0
access_mrp_bom_line,mrp.bom.line,mrp.model_mrp_bom_line,group_user_mrp_viewer,1,0,0,0
access_mrp_bom_byproduct_user,mrp.bom.byproduct,mrp.model_mrp_bom_byproduct,group_user_mrp_viewer,1,0,0,0
access_mrp_production,mrp.production user,mrp.model_mrp_production,group_user_mrp_viewer,1,0,0,0
access_product_product_user,product.product user,product.model_product_product,group_user_mrp_viewer,1,0,0,0
access_product_template_user,product.template user,product.model_product_template,group_user_mrp_viewer,1,0,0,0
access_uom_uom_user,uom.uom user,uom.model_uom_uom,group_user_mrp_viewer,1,0,0,0
access_product_supplierinfo_user,product.supplierinfo user,product.model_product_supplierinfo,group_user_mrp_viewer,1,0,0,0
access_res_partner,res.partner,base.model_res_partner,group_user_mrp_viewer,1,0,0,0
access_mrp_workorder_mrp_user,mrp.workorder.user,mrp.model_mrp_workorder,group_user_mrp_viewer,1,0,0,0
access_resource_calendar_leaves_user,mrp.resource.calendar.leaves.user,resource.model_resource_calendar_leaves,group_user_mrp_viewer,1,0,0,0
access_uom_category,uom.category,uom.model_uom_category,group_user_mrp_viewer,1,0,0,0
access_resource_resource,resource.resource,resource.model_resource_resource,group_user_mrp_viewer,1,0,0,0
access_resource_calendar_manufacturinguser,resource.calendar manufacturing.user,resource.model_resource_calendar,group_user_mrp_viewer,1,0,0,0
access_mrp_unbuild,mrp.unbuild,mrp.model_mrp_unbuild,group_user_mrp_viewer,1,0,0,0
access_mrp_document_mrp_user,mrp.document group_user,mrp.model_mrp_document,group_user_mrp_viewer,1,0,0,0
access_mrp_production_backorder,access.mrp.production.backorder,mrp.model_mrp_production_backorder,group_user_mrp_viewer,1,0,0,0
access_mrp_production_backorder_line,access.mrp.production.backorder.line,mrp.model_mrp_production_backorder_line,group_user_mrp_viewer,1,0,0,0
access_mrp_consumption_warning,access.mrp.consumption.warning,mrp.model_mrp_consumption_warning,group_user_mrp_viewer,1,0,0,0
access_mrp_consumption_warning_line,access.mrp.consumption.warning.line,mrp.model_mrp_consumption_warning_line,group_user_mrp_viewer,1,0,0,0
access_mrp_immediate_production,access.mrp.immediate.production,mrp.model_mrp_immediate_production,group_user_mrp_viewer,1,0,0,0
access_mrp_immediate_production_line,access.mrp.immediate.production.line,mrp.model_mrp_immediate_production_line,group_user_mrp_viewer,1,0,0,0
access_mrp_workcenter_tag_group_user,access.mrp.workcenter.tag,mrp.model_mrp_workcenter_tag,group_user_mrp_viewer,1,0,0,0
access_mrp_production_split_multi,access.mrp.production.split.multi,mrp.model_mrp_production_split_multi,group_user_mrp_viewer,1,0,0,0
access_mrp_production_split,access.mrp.production.split,mrp.model_mrp_production_split,group_user_mrp_viewer,1,0,0,0
access_mrp_production_split_line,access.mrp.production.split.line,mrp.model_mrp_production_split_line,group_user_mrp_viewer,1,0,0,0
access_mrp_workcenter_capacity_group_user,mrp.workcenter.capacity,mrp.model_mrp_workcenter_capacity,group_user_mrp_viewer,1,0,0,0
access_stock_move_user,stock.move user,stock.model_stock_move,group_user_mrp_viewer,1,0,0,0
