<?xml version="1.0" encoding="utf-8"?>
<odoo>
<data noupdate="0">

    <record id="group_user_mrp_viewer" model="res.groups">
        <field name="name">User MRP Viewer</field>
        <field name="category_id" ref="base.module_category_manufacturing_manufacturing"/>
        <field name="implied_ids" eval="[(4, ref('base.group_user'))]"/>
    </record>

    <record id="group_user_programa_produccion_viewer" model="res.groups">
        <field name="name">User Programa Produccion Viewer</field>
        <field name="category_id" ref="base.module_category_manufacturing_manufacturing"/>
        <field name="implied_ids" eval="[(4, ref('base.group_user'))]"/>
    </record>

    <record id="group_user_programa_produccion_edit" model="res.groups">
        <field name="name">User Programa Produccion Editor</field>
        <field name="category_id" ref="base.module_category_manufacturing_manufacturing"/>
        <field name="implied_ids" eval="[(4, ref('base.group_user'))]"/>
    </record>

    <record id="group_user_programa_produccion_edit_date_warehouse" model="res.groups">
        <field name="name">User Programa Produccion Editor Fecha y Planta</field>
        <field name="category_id" ref="base.module_category_manufacturing_manufacturing"/>
        <field name="implied_ids" eval="[(4, ref('base.group_user'))]"/>
    </record>
</data>
</odoo>