id,name,model_id/id,group_id/id,perm_read,perm_write,perm_create,perm_unlink
access_config_pl_line10_viewer,config.wizard.plline10 viewer,model_pl_lines10,mrp_users.group_user_programa_produccion_viewer,1,0,0,0
access_config_pl_line10_editor,config.wizard.plline10 editor,model_pl_lines10,mrp_users.group_user_programa_produccion_edit,1,1,1,1
access_config_pl_line10_editor_fecha,config.wizard.plline10 editorfecha y planta,model_pl_lines10,mrp_users.group_user_programa_produccion_edit_date_warehouse,1,1,1,1













