id,name,model_id/id,group_id/id,perm_read,perm_write,perm_create,perm_unlink
mrp_clientes_stock2,mrp_clientes_stock2,model_mrp_stock_clientes2,mrp.group_mrp_user,1,0,0,1
notes_clientes_stock1,notes_clientes_stock1,model_mrp_notes_clientes1,mrp.group_mrp_user,1,1,1,1
access_config_wizard_notes,config.wizard.notes,model_custom_pop_notes,,1,1,1,1
access_config_wizard_route_warehouse,config.wizard.routes.warehouse,model_custom_route_warehouse,,1,1,1,1
mrp_clientes_location,mrp_clientes_location,model_mrp_location_clientes,mrp.group_mrp_user,1,1,1,1
access_config_wizard_locations,config.wizard.locations,model_custom_pop_locations,,1,1,1,1
access_config_wizard_dates,config.wizard.dates,model_custom_date_mrpclientes,,1,1,1,1
plantap_clientes_stock1,plantap_clientes_stock1,model_mrp_planta_clientes1,mrp.group_mrp_user,1,1,1,1
access_config_wizard_plantap,config.wizard.plantap,model_custom_pop_planta,,1,1,1,1
access_config_wizard_datecita,config.wizard.datecita,model_custom_cita_mrpclientes,,1,1,1,1
access_config_pl_line,config.wizard.plline,model_pl_lines2,,1,1,1,1









